name,country,city,address,websiteUrl,sourceUrl,description,feesMin,feesMax,currency,feePeriod,curricula,activities,languages
Aldenham Prep Riyadh,SA,Riyadh,"Al Noura, As Sahafah, Riyadh 13321 Saudi Arabia The school's life in pictures Learn more",https://www.aldenhamprepriyadh.com/?utm_campaign=premium+listing&utm_medium=referral&utm_source=international-schools-database.com,https://www.international-schools-database.com/in/riyadh/aldenham-prep-riyadh,"Aldenham Prep Riyadh details and info: Extracurricular activies, are teachers native, class sizes, school bus availability, prices, etc.",46500,70000,SAR,yearly,British,Football|Basketball|Swimming|Robotics|Arts|Music|Drama,English
OWIS Al Jazeera,SA,Riyadh,"Street Number 11, Al Jazeera District, Riyadh, Saudi Arabia The school's life in pictures Learn more",https://owis.org/sa/al-jazeera/?utm_campaign=premium+listing&utm_medium=referral&utm_source=international-schools-database.com,https://www.international-schools-database.com/in/riyadh/owis-american-academy-riyadh,"OWIS Al Jazeera details and info: Extracurricular activies, are teachers native, class sizes, school bus availability, prices, etc.",27800,42200,SAR,yearly,American,Football|Arts|Music,English
Makers Learning School International,SA,Riyadh,"Darin, Ar Raid Riyadh 12352 Saudi Arabia Middle School and High School (Grades 6 to Grades 12) is for girls only. The school's life in pictures Learn more",https://mls.com.sa/?utm_campaign=premium+listing&utm_medium=referral&utm_source=international-schools-database.com,https://www.international-schools-database.com/in/riyadh/makers-learning-school-international-riyadh,"Makers Learning School International details and info: Extracurricular activies, are teachers native, class sizes, school bus availability, prices, etc.",48300,87400,SAR,yearly,American|IB,Football|Basketball|Robotics|Arts|Coding Club,English|Arabic|French|Mandarin
SEK International School Riyadh,SA,Riyadh,Al Rabie District - Al Toq Street School campus (intersection Al Sweifieh Street) 13315 Riyadh Saudi Arabia The school's life in pictures Learn more,https://sek.sa/?utm_campaign=premium+listing&utm_medium=referral&utm_source=international-schools-database.com,https://www.international-schools-database.com/in/riyadh/sek-international-school-riyadh,"SEK International School Riyadh details and info: Extracurricular activies, are teachers native, class sizes, school bus availability, prices, etc.",35190,82225,SAR,yearly,IB,Football|Basketball|Robotics|Arts|Music|Coding Club,English
Beech Hall School Riyadh,SA,Riyadh,"4036 Al Baldah, 7490, Al Khuzama Riyadh 12581 Saudi Arabia The school's life in pictures Learn more",https://beechhallschoolriyadh.com/?utm_campaign=premium+listing&utm_medium=referral&utm_source=international-schools-database.com,https://www.international-schools-database.com/in/riyadh/beech-hall-school-riyadh,"Beech Hall School Riyadh details and info: Extracurricular activies, are teachers native, class sizes, school bus availability, prices, etc.",48000,98000,SAR,yearly,American,Football|Basketball|Swimming|Arts|Music|Drama,English
"One World International School, Riyadh",SA,Riyadh,"Building No 2517, Al Muruj, Olaya St., Maan St., Riyadh, Saudi Arabia The school's life in pictures Learn more",https://owis.org/sa/?utm_campaign=premium+listing&utm_medium=referral&utm_source=international-schools-database.com,https://www.international-schools-database.com/in/riyadh/one-world-international-school-riyadh,"One World International School, Riyadh details and info: Extracurricular activies, are teachers native, class sizes, school bus availability, prices, etc.",38600,64300,SAR,yearly,American|IB,Football|Basketball|Robotics|Arts|Music|Coding Club|Drama,English
Britus International Schools Al Olaya,SA,Riyadh,"Olaya District – Prince Abdul Aziz bin Musaed bin Jalawi Street, Riyadh, Saudi Arabia",https://britus.alolaya.edu.sa/?utm_campaign=free+listing&utm_medium=referral&utm_source=international-schools-database.com,https://www.international-schools-database.com/in/riyadh/britus-international-schools-al-olaya-riyadh,"Britus International Schools Al Olaya details and info: Extracurricular activies, are teachers native, class sizes, school bus availability, prices, etc.",20000,28000,SAR,yearly,American|IB,,English
Al Forsan International School,SA,Riyadh,"Abdulrahman Uzzam, Al Izdihar, Riyadh 12485, Saudi Arabia",https://fis.sch.sa/?utm_campaign=free+listing&utm_medium=referral&utm_source=international-schools-database.com,https://www.international-schools-database.com/in/riyadh/al-forsan-international-school-riyadh,"Al Forsan International School details and info: Extracurricular activies, are teachers native, class sizes, school bus availability, prices, etc.",23000,34000,SAR,yearly,American|IB,Swimming,English
Al-Rissalah International School,SA,Riyadh,"Al taleem، Riyadh 12242, Saudi Arabia",http://www.alrissalah-school.edu.sa/?utm_campaign=free+listing&utm_medium=referral&utm_source=international-schools-database.com,https://www.international-schools-database.com/in/riyadh/al-rissalah-international-school-riyadh,"Al-Rissalah International School details and info: Extracurricular activies, are teachers native, class sizes, school bus availability, prices, etc.",10500,19000,SAR,yearly,British|American|IB,,English
Modern International School,SA,Riyadh,"Al Khalifah Al Mamun, Al Khalidiyah, Riyadh 12875, Saudi Arabia",https://misriyadh.com/?utm_campaign=free+listing&utm_medium=referral&utm_source=international-schools-database.com,https://www.international-schools-database.com/in/riyadh/modern-international-school-riyadh,"Modern International School details and info: Extracurricular activies, are teachers native, class sizes, school bus availability, etc.",,,,,British|American|IB,Football|Basketball|Arts|Science Club,English
Deutsche Internationale Schule Riad,SA,Riyadh,"7750, Riyadh 13332, Saudi Arabia",https://disr.edu.sa/?utm_campaign=free+listing&utm_medium=referral&utm_source=international-schools-database.com,https://www.international-schools-database.com/in/riyadh/deutsche-internationale-schule-riad-riyadh,"Deutsche Internationale Schule Riad details and info: Extracurricular activies, are teachers native, class sizes, school bus availability, prices, etc.",32288,80976,SAR,yearly,American|IB,Football|Swimming,German
British International School Riyadh,SA,Riyadh,"2786، 7693 Ibrahim Mubarak Said Ad Dusari، Riyadh 13241, Saudi Arabia Diplomatic Quarter Campus: Ages 3 to 18 Address: 3586 Alradaef St, Al Safarat, Riyadh 12512, Saudi Arabia Al Waha Campus: Ages 3 to 18 Address: 2750 Muhammad Ali Janah, Ghirnatah, RFGC6803، 6803, District 13242, Saudi Arabia",https://www.bisr.com.sa/?utm_campaign=free+listing&utm_medium=referral&utm_source=international-schools-database.com,https://www.international-schools-database.com/in/riyadh/british-international-school-riyadh,"British International School Riyadh details and info: Extracurricular activies, are teachers native, class sizes, school bus availability, prices, etc.",49095,107933,SAR,yearly,British|American|IB|Cambridge,Football|Swimming|Arts|Music|Drama,English
American International School Riyadh,SA,Riyadh,"P.O. Box 990 Riyadh, 11421 Kingdom of Saudi Arabia",https://www.aisr.org/?utm_campaign=free+listing&utm_medium=referral&utm_source=international-schools-database.com,https://www.international-schools-database.com/in/riyadh/american-international-school-riyadh,"American International School Riyadh details and info: Extracurricular activies, are teachers native, class sizes, school bus availability, prices, etc.",63164,117812,SAR,yearly,American|IB,,English
Success International School: Details and Reviews,SA,Riyadh,"street, Aghadir, Al Mansourah، Exit 21, Riyadh 12684, Saudi Arabia Ar Rabia Campus: Ages 3 to 12 Address: 8324 Abi Bakr As Siddiq Rd, Ar Rabi, Riyadh 13316, Saudi Arabia",https://sischs.com/?utm_campaign=free+listing&utm_medium=referral&utm_source=international-schools-database.com,https://www.international-schools-database.com/in/riyadh/success-international-school-riyadh,"Success International School details and info: Extracurricular activies, are teachers native, class sizes, school bus availability, etc.",,,,,British|American|IB|Cambridge,Basketball|Swimming|Robotics|Arts|Music|Drama,English
Creative Stars International School,SA,Riyadh,"Al malga, Riyadh Saudi Arabia, 13524",https://creativestars.org/?utm_campaign=free+listing&utm_medium=referral&utm_source=international-schools-database.com,https://www.international-schools-database.com/in/riyadh/creative-stars-international-school-riyadh,"Creative Stars International School details and info: Extracurricular activies, are teachers native, class sizes, school bus availability, prices, etc.",30000,40000,SAR,yearly,British|American|IB,,English
Delta School,SA,Riyadh,"3047 Abdulmuhsin As Saadun, Al Muruj, Riyadh 12281 Riyadh 12281 7051, Saudi Arabia",https://www.delta.edu.sa/?utm_campaign=free+listing&utm_medium=referral&utm_source=international-schools-database.com,https://www.international-schools-database.com/in/riyadh/delta-school-riyadh,"Delta School details and info: Extracurricular activies, are teachers native, class sizes, school bus availability, prices, etc.",18500,28500,SAR,yearly,British|American|IB,,English
Horizon International School,SA,Riyadh,"Abdullah Alanqari St, Al Wurud, Riyadh 12252, Saudi Arabia",https://horizon.sch.sa/portalen/index.asp?utm_campaign=free+listing&utm_medium=referral&utm_source=international-schools-database.com,https://www.international-schools-database.com/in/riyadh/horizon-international-school-riyadh,"Horizon International School details and info: Extracurricular activies, are teachers native, class sizes, school bus availability, prices, etc.",19500,31875,SAR,yearly,British|American|IB,,English
Reigate Grammar School Riyadh,SA,Riyadh,"Ghirnatah, Riyadh 13242, Kingdom of Saudi Arabia",https://reigategrammar-riyadh.com/?utm_campaign=free+listing&utm_medium=referral&utm_source=international-schools-database.com,https://www.international-schools-database.com/in/riyadh/reigate-grammar-school-riyadh,"Reigate Grammar School Riyadh details and info: Extracurricular activies, are teachers native, class sizes, school bus availability, prices, etc.",42400,74900,SAR,yearly,British|American|IB|Cambridge,Football|Basketball|Swimming|Arts|Music,English
Helsinki International Schools,SA,Riyadh,"Al Bateha Valley, Al Malga, Riyadh, 13521, Saudi Arabia HEI School Al Narjis: Ages 3 to 11 Address: Yadmah Street, Al Narjis, Riyadh, 13333, Saudi Arabia",https://heischoolsksa.com/?utm_campaign=free+listing&utm_medium=referral&utm_source=international-schools-database.com,https://www.international-schools-database.com/in/riyadh/helsinki-international-schools-riyadh,"Helsinki International Schools details and info: Extracurricular activies, are teachers native, class sizes, school bus availability, etc.",,,,,British|American|IB,Robotics|Music,English
Downe House Riyadh,SA,Riyadh,"Abi Alhasan Alhsry, Al Aqiq, Riyadh 13511, Saudi Arabia Downe House admits boys and girls in Pre-Prep and Lower Prep (ages 3-9) and girls only from Upper Prep and beyond (ages 9-18).",https://downehouseriyadh.com/?utm_campaign=free+listing&utm_medium=referral&utm_source=international-schools-database.com,https://www.international-schools-database.com/in/riyadh/downe-house-riyadh,"Downe House Riyadh details and info: Extracurricular activies, are teachers native, class sizes, school bus availability, prices, etc.",47700,84800,SAR,yearly,British|American|Cambridge,Football|Basketball|Swimming|Arts|Music|Drama,English
Kingdom Schools,SA,Riyadh,"King Abdulaziz Rd, Ar Rabi, Riyadh 13316, Saudi Arabia",https://kingdomschools.edu.sa/?utm_campaign=free+listing&utm_medium=referral&utm_source=international-schools-database.com,https://www.international-schools-database.com/in/riyadh/kingdom-schools-riyadh,"Kingdom Schools details and info: Extracurricular activies, are teachers native, class sizes, school bus availability, prices, etc.",28800,51300,SAR,yearly,American|IB,,English
Alfarabi International School,SA,Riyadh,"Hafsa Bint Omar st, Riyadh, Saudi Arabia",https://main.alfarabischool.com/?utm_campaign=free+listing&utm_medium=referral&utm_source=international-schools-database.com,https://www.international-schools-database.com/in/riyadh/alfarabi-international-school-riyadh,"Alfarabi International School details and info: Extracurricular activies, are teachers native, class sizes, school bus availability, prices, etc.",12000,20000,SAR,yearly,American|IB,Basketball|Arts|Drama,English
International Schools Database,SA,Riyadh,,,https://www.international-schools-database.com/in/riyadh/new-generation-international-schools-riyadh,"Find, research and compare the best international schools.",,,,,,,
New Crescent International School,SA,Riyadh,"Aziziya, Riyadh, Saudi Arabia",https://crescentriyadh.com/?utm_campaign=free+listing&utm_medium=referral&utm_source=international-schools-database.com,https://www.international-schools-database.com/in/riyadh/new-crescent-international-school-riyadh,"New Crescent International School details and info: Extracurricular activies, are teachers native, class sizes, school bus availability, prices, etc.",10000,13000,SAR,yearly,British|American|IB,,English
Saud International School,SA,Riyadh,"Hittin, Riyadh 13512, Saudi Arabia",https://sis.edu.sa/?utm_campaign=free+listing&utm_medium=referral&utm_source=international-schools-database.com,https://www.international-schools-database.com/in/riyadh/saud-international-school-riyadh,"Saud International School details and info: Extracurricular activies, are teachers native, class sizes, school bus availability, prices, etc.",40000,58000,SAR,yearly,British|American|IB|Cambridge,Football|Basketball|Swimming,English
Riyadh Schools Misk City,SA,Riyadh,"Irqah, Riyadh Saudi Arabia",https://rsg.edu.sa/RSMiskCity/?utm_campaign=free+listing&utm_medium=referral&utm_source=international-schools-database.com,https://www.international-schools-database.com/in/riyadh/riyadh-schools-misk-city,"Riyadh Schools Misk City details and info: Extracurricular activies, are teachers native, class sizes, school bus availability, prices, etc.",33350,52325,SAR,yearly,British|American|IB,Arts|Music,English
GEMS American International School Riyadh,SA,Riyadh,"3783 Prince Saud Ibn Muhammad Ibn Saud, King Fahd, Riyadh 12274, Saudi Arabia",https://gaisr.com/?utm_campaign=free+listing&utm_medium=referral&utm_source=international-schools-database.com,https://www.international-schools-database.com/in/riyadh/gems-american-international-school-riyadh,"GEMS American International School Riyadh details and info: Extracurricular activies, are teachers native, class sizes, school bus availability, prices, etc.",33146,79332,SAR,yearly,American|IB,Robotics|Music,English
Manarat Al Riyadh International School,SA,Riyadh,"Al Izdihar, Riyadh 12488, Saudi Arabia The school has separate divisions for boys and girls.",https://portal.maarif.sa/riyadhinternational?utm_campaign=free+listing&utm_medium=referral&utm_source=international-schools-database.com,https://www.international-schools-database.com/in/riyadh/manarat-al-riyadh-international-school,"Manarat Al Riyadh International School details and info: Extracurricular activies, are teachers native, class sizes, school bus availability, prices, etc.",26500,42900,SAR,yearly,British|American|IB|Cambridge,Football|Basketball|Swimming,English
Al-Rowad International School,SA,Riyadh,"Izz Ad Din Al Muqaddisi, Nuzhah Riyadh 12473 Saudi Arabia The school has separate boys and girls sections.",https://ais.sch.sa/?utm_campaign=free+listing&utm_medium=referral&utm_source=international-schools-database.com,https://www.international-schools-database.com/in/riyadh/al-rowad-international-school-riyadh,"Al-Rowad International School details and info: Extracurricular activies, are teachers native, class sizes, school bus availability, prices, etc.",21325,30325,SAR,yearly,British|American|IB|Cambridge,Football|Basketball|Swimming,English
Ellesmere College Riyadh,SA,Riyadh,"6591, Khoufafa Al Tamimi, Alhamra District, Riyadh, KSA Salwa Campus: Ages 3 to 18 Address: 13454, Al Rimal, Riyadh, KSA",https://ellesmerecollegeriyadh.com/?utm_campaign=free+listing&utm_medium=referral&utm_source=international-schools-database.com,https://www.international-schools-database.com/in/riyadh/ellesmere-college-riyadh,"Ellesmere College Riyadh details and info: Extracurricular activies, are teachers native, class sizes, school bus availability, prices, etc.",48000,68000,SAR,yearly,British|American|IB|Cambridge,Swimming|STEM Club|Arts|Music,English
The Learning Caravan International School,SA,Riyadh,"An Nahrwani, Al Olaya, Riyadh 12311, Saudi Arabia",https://www.tlc-riyadh.com/?utm_campaign=free+listing&utm_medium=referral&utm_source=international-schools-database.com,https://www.international-schools-database.com/in/riyadh/the-learning-caravan-international-school-riyadh,"The Learning Caravan International School details and info: Extracurricular activies, are teachers native, class sizes, school bus availability, etc.",,,,,British|American|IB,,English
Yara International School,SA,Riyadh,"King Faisal Road, Jabrah Riyadh 12652 Saudi Arabia",https://www.yaraschool.net/home/?utm_campaign=free+listing&utm_medium=referral&utm_source=international-schools-database.com,https://www.international-schools-database.com/in/riyadh/yara-international-school-riyadh,"Yara International School details and info: Extracurricular activies, are teachers native, class sizes, school bus availability, etc.",,,,,American|IB,Football|Arts|Music,English
Learning Oasis International School,SA,Riyadh,"Umar Ibn Zaid, An Nafal, Riyadh 13312, Saudi Arabia",https://www.loins.edu.sa/?utm_campaign=free+listing&utm_medium=referral&utm_source=international-schools-database.com,https://www.international-schools-database.com/in/riyadh/learning-oasis-international-school-riyadh,"Learning Oasis International School details and info: Extracurricular activies, are teachers native, class sizes, school bus availability, prices, etc.",38000,60000,SAR,yearly,British|American|IB,,English
Education Castle International School,SA,Riyadh,"Al Olaya, Riyadh 12251, Saudi Arabia",https://educationcastle.ecis.edu.sa/?utm_campaign=free+listing&utm_medium=referral&utm_source=international-schools-database.com,https://www.international-schools-database.com/in/riyadh/education-castle-international-school-riyadh,"Education Castle International School details and info: Extracurricular activies, are teachers native, class sizes, school bus availability, prices, etc.",12100,14850,SAR,yearly,American|IB,Swimming,English
GEMS British International School Riyadh,SA,Riyadh,"6679 Al Muhab St, Al Yarmuk, Riyadh Postal Code: 13251, Saudi Arabie",https://gbis-riyadh.com/?utm_campaign=free+listing&utm_medium=referral&utm_source=international-schools-database.com,https://www.international-schools-database.com/in/riyadh/gems-british-international-school-riyadh,"GEMS British International School Riyadh details and info: Extracurricular activies, are teachers native, class sizes, school bus availability, etc.",,,,,British|American|IB,STEM Club,English
Al Hussan International School Riyadh,SA,Riyadh,Qurtubah Riyadh 13244 Saudi Arabia,https://international.alhussan.edu.sa/Pages/InnerPageDetails?utm_source=international-schools-database.com&utm_medium=referral&utm_campaign=free+listing,https://www.international-schools-database.com/in/riyadh/al-hussan-international-school-riyadh,"Al Hussan International School Riyadh details and info: Extracurricular activies, are teachers native, class sizes, school bus availability, prices, etc.",18000,34000,SAR,yearly,British|American|IB|Cambridge,Football|Basketball|Arts,English
Riyadh Najed Schools,SA,Riyadh,"Al-Hamra District Outlet 9, Kingdom of Saudi Arabia",https://riyadhnajed.com/?utm_campaign=free+listing&utm_medium=referral&utm_source=international-schools-database.com,https://www.international-schools-database.com/in/riyadh/riyadh-najed-schools,"Riyadh Najed Schools details and info: Extracurricular activies, are teachers native, class sizes, school bus availability, prices, etc.",26000,40000,SAR,yearly,American|IB,Swimming,English
Al Faris International School,SA,Riyadh,At Taawn Riyadh 12476 Saudi Arabia,https://alfarisschool.edu.sa/Riyadh/?utm_campaign=free+listing&utm_medium=referral&utm_source=international-schools-database.com,https://www.international-schools-database.com/in/riyadh/al-faris-inernational-school-riyadh,"Al Faris International School details and info: Extracurricular activies, are teachers native, class sizes, school bus availability, prices, etc.",42000,50000,SAR,yearly,British|American|IB,Football|Swimming,English
Al Alameen International School,SA,Riyadh,"3892 Ash Shaikh Muhammad Ibn Salih Al Uthaymin, Umm Al Hamam Al Gharbi, Riyadh 12324, Saudi Arabia ITCC Campus: Ages 3 to 16 Address: Information Technology and Communication Complex, Riyadh, Saudi Arabia Olaya Campus: Ages 3 to 16 Address: 7098 Al Marifah St, Al Olaya, 4137, Riyadh 12311 4137, Saudi Arabia",https://www.alalameenschool.com/?utm_campaign=free+listing&utm_medium=referral&utm_source=international-schools-database.com,https://www.international-schools-database.com/in/riyadh/alalameen-school-riyadh,"Al Alameen International School details and info: Extracurricular activies, are teachers native, class sizes, school bus availability, etc.",,,,,British|American|IB|Cambridge,Football|Basketball|Arts,English
Sands International School,SA,Riyadh,"Shuraih Ibn Al Arith, Sulaimaniyah Riyadh 12223 Saudi Arabia SIS has co-educational sections from KG to Gr-3, separated boys’ and girls’ sections from grade 4 – 9, and only a girls’ section from grade 10 – 12.",https://sis.sch.sa/?utm_campaign=free+listing&utm_medium=referral&utm_source=international-schools-database.com,https://www.international-schools-database.com/in/riyadh/sands-international-school-riyadh,"Sands International School details and info: Extracurricular activies, are teachers native, class sizes, school bus availability, etc.",,,,,British|American|IB,Football|Basketball,English
Modern Global International Schools,SA,Riyadh,"Abdallah Ibn Ibrahim Ibn Seif, Qurtubah, Riyadh 13248, Saudi Arabia Digital City Campus: Ages 1 to 12 Address: Digital City, Prince Turki Bin Abdulaziz Al Awal Rd, An Nakheel, Riyadh 00966, Saudi Arabia",https://mgis-sa.com/?utm_campaign=free+listing&utm_medium=referral&utm_source=international-schools-database.com,https://www.international-schools-database.com/in/riyadh/modern-global-international-schools-riyadh,"Modern Global International Schools details and info: Extracurricular activies, are teachers native, class sizes, school bus availability, prices, etc.",30000,56500,SAR,yearly,British|American|IB,Football|Basketball|Arts|Music|Drama,English
The Knowledge Bridges International School: Details and Reviews,SA,Riyadh,"Abdul Karim Al Musil, Ar Rabwah Riyadh 12816 Saudi Arabia",https://www.kbisksa.com/?utm_campaign=free+listing&utm_medium=referral&utm_source=international-schools-database.com,https://www.international-schools-database.com/in/riyadh/the-knowledge-bridges-international-school-riyadh,"The Knowledge Bridges International School details and info: Extracurricular activies, are teachers native, class sizes, school bus availability, etc.",,,,,British|American|IB,Arts|Drama,English
Al Noor International School,SA,Riyadh,"Ibn Sharwan, Al Wisham, Riyadh 12741, Saudi Arabia",http://www.alnoor.edu.sa/?utm_campaign=free+listing&utm_medium=referral&utm_source=international-schools-database.com,https://www.international-schools-database.com/in/riyadh/alnoor-international-school-riyadh,"Al Noor International School details and info: Extracurricular activies, are teachers native, class sizes, school bus availability, prices, etc.",11500,17500,SAR,yearly,British|American|IB,,English
Brooke House College Riyadh,SA,Riyadh,"1 Ruwaq Street, Qurtubah, Riyadh, Saudi Arabia",https://bhc-riyadh.com/?utm_campaign=free+listing&utm_medium=referral&utm_source=international-schools-database.com,https://www.international-schools-database.com/in/riyadh/brooke-house-college-riyadh,"Brooke House College Riyadh details and info: Extracurricular activies, are teachers native, class sizes, school bus availability, prices, etc.",50600,66700,SAR,yearly,British|American|IB,,English
Al Oruba International School,SA,Riyadh,Ar Rafiah Riyadh 12751 Saudi Arabia The school has separate boys and girls sections.,https://alorubaschools.com/?utm_campaign=free+listing&utm_medium=referral&utm_source=international-schools-database.com,https://www.international-schools-database.com/in/riyadh/al-oruba-international-school-riyadh,"Al Oruba International School details and info: Extracurricular activies, are teachers native, class sizes, school bus availability, etc.",,,,,British|American|IB|Cambridge,Football|Basketball|Swimming|Arts|Science Club|Drama,English
Stars of Knowledge International School,SA,Riyadh,"Olaya, Riyadh​ ​Saudi Arabia",https://www.starsofknowledge.com/?utm_campaign=free+listing&utm_medium=referral&utm_source=international-schools-database.com,https://www.international-schools-database.com/in/riyadh/stars-of-knowledge-international-school-riyadh,"Stars of Knowledge International School details and info: Extracurricular activies, are teachers native, class sizes, school bus availability, etc.",,,,,American|IB,,English
Rowad Al Khaleej International School Riyadh,SA,Riyadh,Al Mughrizat Riyadh 12483 Saudi Arabia The school has separate boys and girls sections.,https://www.rowad-alkhaleej.edu.sa/en/?utm_campaign=free+listing&utm_medium=referral&utm_source=international-schools-database.com,https://www.international-schools-database.com/in/riyadh/rowad-al-khaleej-international-school-riyadh,"Rowad Al Khaleej International School Riyadh details and info: Extracurricular activies, are teachers native, class sizes, school bus availability, etc.",,,,,American|IB,,English
École Française Internationale de Riyad,SA,Riyadh,Al Nada Riyadh 13317 Saudi Arabia,https://www.efiriyad.com/?utm_campaign=free+listing&utm_medium=referral&utm_source=international-schools-database.com,https://www.international-schools-database.com/in/riyadh/ecole-francaise-internationale-de-riyad-riyadh,"École Française Internationale de Riyad details and info: Extracurricular activies, are teachers native, class sizes, school bus availability, prices, etc.",35000,43500,SAR,yearly,British|American|IB,Football|Basketball|Swimming|Music|Coding Club|Drama,French
Education Gate International School Al Rawdah,SA,Riyadh,"4245 Zaidal khyr, Ar Rawdah, Riyadh 13211 7806, Saudi Arabia The school has separate sections for boys and girls.",https://educationgater.egis.edu.sa/?utm_campaign=free+listing&utm_medium=referral&utm_source=international-schools-database.com,https://www.international-schools-database.com/in/riyadh/education-gate-international-school-al-rawdah-riyadh,"Education Gate International School Al Rawdah details and info: Extracurricular activies, are teachers native, class sizes, school bus availability, prices, etc.",13000,17430,SAR,yearly,American|IB,,English
Creativity International School,SA,Riyadh,"Prince Meshaal Ibn Abdulaziz, Irqah, Riyadh, Saudi Arabia",https://creativityschools.net/?utm_campaign=free+listing&utm_medium=referral&utm_source=international-schools-database.com,https://www.international-schools-database.com/in/riyadh/creativity-international-school-riyadh,"Creativity International School details and info: Extracurricular activies, are teachers native, class sizes, school bus availability, prices, etc.",18000,23000,SAR,yearly,American|IB,Arts,English
Riyadh Schools Hittin,SA,Riyadh,"Hittin, Riyadh Saudi Arabia",https://rsg.edu.sa/RSHittin/?utm_campaign=free+listing&utm_medium=referral&utm_source=international-schools-database.com,https://www.international-schools-database.com/in/riyadh/riyadh-schools-hittin,"Riyadh Schools Hittin details and info: Extracurricular activies, are teachers native, class sizes, school bus availability, prices, etc.",33350,52325,SAR,yearly,British|American|IB,Arts|Music,English
Education International School,SA,Riyadh,"6767 Al Shaikh Hamad Al Jasir, RHWA3465، 3465, Riyadh 12252, Saudi Arabia",https://www.education-school.edu.sa/?utm_campaign=free+listing&utm_medium=referral&utm_source=international-schools-database.com,https://www.international-schools-database.com/in/riyadh/education-international-school-riyadh,"Education International School details and info: Extracurricular activies, are teachers native, class sizes, school bus availability, etc.",,,,,British|American|IB,Arts,English
Qimam El-Hayat International School,SA,Riyadh,"Salih Ash Shatri, Al foutah، Al Futah, Riyadh 12632, Saudi Arabia",https://www.qimamelhayat.edu.sa/?utm_campaign=free+listing&utm_medium=referral&utm_source=international-schools-database.com,https://www.international-schools-database.com/in/riyadh/qimam-el-hayat-international-school-riyadh,"Qimam El-Hayat International School details and info: Extracurricular activies, are teachers native, class sizes, school bus availability, prices, etc.",13000,17500,SAR,yearly,British|American,Football|Basketball,English
King Faisal School: Details and Reviews,SA,Riyadh,DQ - Al Idrisi As Safarat P.O Box: 94558 Riyadh Saudi Arabia,https://www.kfs.sch.sa/?utm_campaign=free+listing&utm_medium=referral&utm_source=international-schools-database.com,https://www.international-schools-database.com/in/riyadh/king-faisal-school-riyadh,"King Faisal School details and info: Extracurricular activies, are teachers native, class sizes, school bus availability, etc.",,,,,American|IB,Football|Basketball|Swimming|Arts,English
Al-Yasmin International School,SA,Riyadh,"Ibn Faris, Al Malaz Riyadh 11391 Saudi Arabia",https://alyasmin.edu.sa/?utm_campaign=free+listing&utm_medium=referral&utm_source=international-schools-database.com,https://www.international-schools-database.com/in/riyadh/al-yasmin-international-school-riyadh,"Al-Yasmin International School details and info: Extracurricular activies, are teachers native, class sizes, school bus availability, prices, etc.",8625,11499,SAR,yearly,British|American|IB,Music|Debate,English
King’s College Riyadh SEDRA,SA,Riyadh,"SEDRA, Riyadh, Saudi Arabia",https://kingscollegeriyadh.com/sedra/?utm_campaign=free+listing&utm_medium=referral&utm_source=international-schools-database.com,https://www.international-schools-database.com/in/riyadh/king-s-college-riyadh-sedra,"King’s College Riyadh SEDRA details and info: Extracurricular activies, are teachers native, class sizes, school bus availability, prices, etc.",58363,92288,SAR,yearly,British|American|IB,,English
Dream International School,SA,Riyadh,"Abi Bakr As Siddiq Branch Rd, An Nuzhah, Riyadh 12471, Saudi Arabia",https://dis.com.sa/?utm_campaign=free+listing&utm_medium=referral&utm_source=international-schools-database.com,https://www.international-schools-database.com/in/riyadh/dream-international-school-riyadh,"Dream International School details and info: Extracurricular activies, are teachers native, class sizes, school bus availability, prices, etc.",20000,25000,SAR,yearly,American|IB,Arts|Drama,English
Dome International Schools,SA,Riyadh,"2336 Al Maidani, Almasiaf, Riyadh 12467, Saudi Arabia Dome International Schools Al-Malqa: Ages 3 to 18 Address: Al Malqa, Riyadh 13524, Saudi Arabia The Global Line Academy: Ages 3 to 18 Address: 3925 RAJB7059، 7059, Riyadh 13333, Saudi Arabia",https://dome.edu.sa/?utm_campaign=free+listing&utm_medium=referral&utm_source=international-schools-database.com,https://www.international-schools-database.com/in/riyadh/dome-international-schools-riyadh,"Dome International Schools details and info: Extracurricular activies, are teachers native, class sizes, school bus availability, prices, etc.",25125,40125,SAR,yearly,British|American|IB,Basketball,English
Riyadh Academy Global Hittin,SA,Riyadh,"Hittin, Riyadh 13518, Saudi Arabia",https://riyadhacademy.edu.sa/?utm_campaign=free+listing&utm_medium=referral&utm_source=international-schools-database.com,https://www.international-schools-database.com/in/riyadh/riyadh-academy-global-hittin,"Riyadh Academy Global Hittin details and info: Extracurricular activies, are teachers native, class sizes, school bus availability, prices, etc.",33000,37000,SAR,yearly,British|American|IB,Arts,English
Misk Schools,SA,Riyadh,"Mohammed Bin Salman Nonprofit City, Irqah, Riyadh 12587, Kingdom of Saudi Arabia",https://www.miskschools.edu.sa/?utm_campaign=free+listing&utm_medium=referral&utm_source=international-schools-database.com,https://www.international-schools-database.com/in/riyadh/misk-schools-riyadh,"Misk Schools details and info: Extracurricular activies, are teachers native, class sizes, school bus availability, prices, etc.",85000,125000,SAR,yearly,British|American|IB,Swimming|Robotics|STEM Club|Arts|Music|Coding Club,English|Arabic
Sri Lankan International School Riyadh,SA,Riyadh,"P.O. Box 27849, Riyadh, Saudi Arabia. 11427",https://slisr.org/?utm_campaign=free+listing&utm_medium=referral&utm_source=international-schools-database.com,https://www.international-schools-database.com/in/riyadh/sri-lankan-international-school-riyadh,"Sri Lankan International School Riyadh details and info: Extracurricular activies, are teachers native, class sizes, school bus availability, prices, etc.",8100,8790,SAR,yearly,British|American|IB|Cambridge,Football|Basketball|Debate,English
Dunes International School,SA,Riyadh,"7749 Abi Al Ala Al Maari, Al Malaz, 2721, Riyadh 12831, Saudi Arabia",https://dis.sa/?utm_campaign=free+listing&utm_medium=referral&utm_source=international-schools-database.com,https://www.international-schools-database.com/in/riyadh/dunes-international-school-riyadh,"Dunes International School details and info: Extracurricular activies, are teachers native, class sizes, school bus availability, prices, etc.",13950,15600,SAR,yearly,American|IB,Arts,English
Mastery International School,SA,Riyadh,"Al-Maseef, Exit 5 – Abdullah Bin Ayoub Street, Riyadh, Saudi Arabia",https://mastery.edu.sa/?utm_campaign=free+listing&utm_medium=referral&utm_source=international-schools-database.com,https://www.international-schools-database.com/in/riyadh/mastery-international-school-riyadh,"Mastery International School details and info: Extracurricular activies, are teachers native, class sizes, school bus availability, prices, etc.",17250,18400,SAR,yearly,British|American|IB,Arts|Debate,English
Abdulaziz International School Al-Sulaimaniah,SA,Riyadh,"Al Ala Ibn Al Hadrami, Sulaimaniyah Riyadh 12234 Saudi Arabia",https://aissulaimaniah.sabis.net/?utm_campaign=free+listing&utm_medium=referral&utm_source=international-schools-database.com,https://www.international-schools-database.com/in/riyadh/abdulaziz-international-school-riyadh,"Abdulaziz International School Al-Sulaimaniah details and info: Extracurricular activies, are teachers native, class sizes, school bus availability, prices, etc.",30000,46000,SAR,yearly,British|American|IB|Cambridge,,English
Abdulaziz International School Al-Wadi,SA,Riyadh,"P.O. Box 68629, Riyadh 11537, Exit 6, Al Wadi, Riyadh, Kingdom of Saudi Arabia",https://aisalwadi.sabis.net/?utm_campaign=free+listing&utm_medium=referral&utm_source=international-schools-database.com,https://www.international-schools-database.com/in/riyadh/abdulaziz-international-school-al-wadi-riyadh,"Abdulaziz International School Al-Wadi details and info: Extracurricular activies, are teachers native, class sizes, school bus availability, prices, etc.",30000,40000,SAR,yearly,British|American|IB,,English
JAD International Schools,SA,Riyadh,"Al Khateeb Ibn Taymiya - Al Waha District, Riyadh, Saudi Arabia",https://www.jad-is.com/?utm_campaign=free+listing&utm_medium=referral&utm_source=international-schools-database.com,https://www.international-schools-database.com/in/riyadh/jad-international-schools-riyadh,"JAD International Schools details and info: Extracurricular activies, are teachers native, class sizes, school bus availability, prices, etc.",25000,33000,SAR,yearly,British|American|IB,Arts,English
Riyadh Schools Al Malqa,SA,Riyadh,"Al Malqa, Riyadh Saudi Arabia",https://rsg.edu.sa/RSAlMalqa/?utm_campaign=free+listing&utm_medium=referral&utm_source=international-schools-database.com,https://www.international-schools-database.com/in/riyadh/riyadh-schools-al-malqa,"Riyadh Schools Al Malqa details and info: Extracurricular activies, are teachers native, class sizes, school bus availability, prices, etc.",33350,52325,SAR,yearly,British|American|IB,Arts|Music,English
Al Sahafa International School,SA,Riyadh,"RHMA 3320 As Saffaniyah, 6685 Al Mursalat Dist., Riyadh 12461, Saudi Arabia",https://alsahafaschool.edu.sa/?utm_campaign=free+listing&utm_medium=referral&utm_source=international-schools-database.com,https://www.international-schools-database.com/in/riyadh/al-sahafa-international-school-riyadh,"Al Sahafa International School details and info: Extracurricular activies, are teachers native, class sizes, school bus availability, prices, etc.",32000,39000,SAR,yearly,American|IB,,English
House of Languages International School,SA,Riyadh,"Al Muruj, Riyadh 12283, Saudi Arabia",http://www.houseoflang.com/?utm_campaign=free+listing&utm_medium=referral&utm_source=international-schools-database.com,https://www.international-schools-database.com/in/riyadh/house-of-languages-international-school-riyadh,"House of Languages International School details and info: Extracurricular activies, are teachers native, class sizes, school bus availability, prices, etc.",13500,17100,SAR,yearly,British|American|IB,,English
